standard_id,title,sector,status,classification,keywords,product_categories,applications,references,related_standards,supersedes,mandatory,certification,scope
IS 7098 (Part 1) : 1988,Crosslinked polyethylene insulated thermoplastic sheathed cables,Electrical,Current,Product standard,Power cables; XLPE; electrical cables,cable;electrical,electrical installation;building,IS 7098 (Part 1),IS 694,,Voluntary,ISI / applicable certification may apply,Crosslinked polyethylene insulated thermoplastic sheathed cables; Power cables; XLPE; electrical cables
IS 694 : 2010,Polyvinyl chloride insulated cables for working voltages up to and including 1100 V,Electrical,Current,Product standard,PVC insulated cables; copper conductor; 1100 V,cable;pvc;copper,electrical installation;building,IS 694,IS 8130,,Voluntary,ISI / applicable certification may apply,Polyvinyl chloride insulated cables for working voltages up to and including 1100 V; PVC insulated cables; copper conductor; 1100 V
IS 8130 : 2013,Conductors for insulated electric cables and flexible cords,Electrical,Current,Test/technical standard,conductors; copper; aluminium; electric cables,cable;copper;aluminium,electrical installation,IS 8130,,,Voluntary,,Conductors for insulated electric cables and flexible cords; conductors; copper; aluminium; electric cables
IS 732 : 2019,Code of practice for electrical wiring installations,Electrical,Current,Installation standard,electrical wiring; installation; buildings; safety,electrical wiring;installation,building installation;electrical,IS 732,,,Voluntary,,Code of practice for electrical wiring installations; electrical wiring; installation; buildings; safety
IS 11794 : 1986,Fire survival electric cables,Electrical,Current,Safety standard,fire resistant cable; fire survival; electrical safety,cable;fire resistant,building;industrial,IS 694,IS 732,,Voluntary,,Fire survival electric cables; fire resistant cable; fire survival; electrical safety
IS 2925 : 1984,Industrial safety helmets,Safety,Current,Product standard,safety helmet; industrial worker; impact protection,helmet;protective equipment,workplace safety;industrial,IS 2925,,,Voluntary,ISI / applicable certification may apply,Industrial safety helmets; safety helmet; industrial worker; impact protection
IS 15298 (Part 1) : 2011,Personal protective equipment — safety footwear,Safety,Current,Product standard,safety footwear; protective footwear,footwear;protective equipment,workplace safety;industrial,IS 15298 (Part 1),,,Voluntary,,Personal protective equipment — safety footwear; safety footwear; protective footwear
IS 10500 : 2012,Drinking water — specification,Water,Current,Quality standard,drinking water; potable water; quality; microbiological,water;drinking water,drinking water;public supply,IS 10500,,,Voluntary,,Drinking water — specification; drinking water; potable water; quality; microbiological
IS 12701 : 1996,Rotational moulded polyethylene water storage tanks,Water,Current,Product standard,water storage tank; polyethylene; storage,water tank;polyethylene,building;water storage,IS 12701,,,Voluntary,,Rotational moulded polyethylene water storage tanks; water storage tank; polyethylene; storage
IS 302 (Part 1) : 2008,Safety of household and similar electrical appliances — General requirements,Electrical,Current,Safety standard,electrical appliances; safety; household,appliance;electrical;safety,household;electrical,IS 302 (Part 1),,,Voluntary,Applicable certification depends on product/regulation,Safety of household and similar electrical appliances — General requirements; electrical appliances; safety; household
IS 2062 : 2011,Hot rolled medium and high tensile structural steel,Construction,Current,Material standard,structural steel; construction; tensile,steel;structural steel,construction;building,IS 2062,,,Voluntary,,Hot rolled medium and high tensile structural steel; structural steel; construction; tensile
IS 456 : 2000,Plain and reinforced concrete — Code of practice,Construction,Current,Code of practice,concrete; reinforced concrete; construction,concrete;cement,construction;building,IS 456,,,Voluntary,,Plain and reinforced concrete — Code of practice; concrete; reinforced concrete; construction
IS 1786 : 2008,High strength deformed steel bars and wires for concrete reinforcement,Construction,Current,Material standard,reinforcement steel; bars; concrete,steel;reinforcement,construction;building,IS 1786,IS 456,,Voluntary,,High strength deformed steel bars and wires for concrete reinforcement; reinforcement steel; bars; concrete
IS 4984 : 2016,Polyethylene pipes for water supply,Water,Current,Product standard,polyethylene pipes; water supply; pressure,pipe;polyethylene;water,water supply;building,IS 4984,,,Voluntary,,Polyethylene pipes for water supply; polyethylene pipes; water supply; pressure
IS 10592 : 1982,Sodium hypochlorite for use in water treatment,Water,Current,Chemical/product standard,water treatment; sodium hypochlorite; disinfection,water treatment,water treatment,IS 10592,,,Voluntary,,Sodium hypochlorite for use in water treatment; water treatment; sodium hypochlorite; disinfection
IS 3025 (Part 1) : 1987,Methods of sampling and test (physical and chemical) for water and wastewater,Water,Current,Test method,water testing; wastewater; sampling,water;testing,water treatment;laboratory,IS 3025 (Part 1),IS 10500,,Voluntary,,Methods of sampling and test (physical and chemical) for water and wastewater; water testing; wastewater; sampling
IS 14220 : 1994,"Centrifugal pumps for clear, cold water",Mechanical,Current,Product standard,centrifugal pump; clear cold water; hydraulic,pump;water pump,water supply;industrial,IS 14220,,,Voluntary,,"Centrifugal pumps for clear, cold water; centrifugal pump; clear cold water; hydraulic"
IS 9079 : 1979,Vertical shaft deep well turbine pumps,Mechanical,Current,Product standard,deep well pump; water pump; turbine,pump;water,water supply;industrial,IS 9079,,,Voluntary,,Vertical shaft deep well turbine pumps; deep well pump; water pump; turbine
IS 15105 : 2002,Design and installation of fixed automatic sprinkler fire extinguishing systems,Fire Safety,Current,Safety/installation standard,fire sprinkler; fire safety; installation,fire sprinkler;fire safety,building;fire safety,IS 15105,,,Voluntary,Applicable regulatory requirements must be checked,Design and installation of fixed automatic sprinkler fire extinguishing systems; fire sprinkler; fire safety; installation
IS 1646 : 2015,Code of practice for fire safety of buildings — electrical installations,Fire Safety,Current,Safety/installation standard,fire safety; electrical installation; buildings,fire safety;electrical,building;fire safety,IS 1646,IS 732,,Voluntary,,Code of practice for fire safety of buildings — electrical installations; fire safety; electrical installation; buildings
IS 2189 : 2008,"Selection, installation and maintenance of automatic fire detection and alarm systems",Fire Safety,Current,Safety/installation standard,fire detection; alarm; installation; maintenance,fire alarm;fire detection,building;fire safety,IS 2189,,,Voluntary,,"Selection, installation and maintenance of automatic fire detection and alarm systems; fire detection; alarm; installation; maintenance"
IS 15683 : 2018,Portable fire extinguishers — performance and construction,Fire Safety,Current,Product standard,fire extinguisher; performance; construction,fire extinguisher,building;industrial;fire safety,IS 15683,,,Voluntary,,Portable fire extinguishers — performance and construction; fire extinguisher; performance; construction
IS 15298 (Part 4) : 2017,Personal protective equipment — footwear — test methods,Safety,Current,Test method,protective footwear; test methods,footwear;testing,workplace safety,IS 15298 (Part 4),IS 15298 (Part 1),,Voluntary,,Personal protective equipment — footwear — test methods; protective footwear; test methods
IS 2925 : 1984 Amendment 1,Industrial safety helmets — amendment,Safety,Superseded,Amendment metadata,safety helmet amendment,helmet,workplace safety,IS 2925,,IS 2925 : 1984,Voluntary,,Industrial safety helmets — amendment; safety helmet amendment
